Workbook
Name Début_Projet: Planification!#REF!

Sheet Planification
A1: Estimation des tâches
A2: Numéro | B2: Nom de la tâche | C2: Début tôt | D2: Début tard | E2: Fin tôt | F2: Fin tard | G2: Durée | H2: Marge | I2: Dépendances | J2: Membres | K2: Temps optimiste | L2: Temps pessimiste | M2: Temps vraisemblable | N2: Temps estimé | O2: Temps réel
B3: Tâches avant planification
A4: 0 | B4: Document de projet, architecture, gestion des risques, méthodologie, planification | C4: 45196 | D4: =C4+H4 -> 45196 | E4: =C4+G4 -> 45217 | F4: 45217 | G4: 21 | H4: =F4-E4 -> 0 | J4: Equipe | K4: 80 | L4: 80 | M4: 80 | N4: =(K4+L4+4*M4) / 6 -> 80 | O4: =SUMIF(Pamela!$A$3:$A$115,Planification!A4,Pamela!$C$3:$C$115) + SUMIF(Florian!$A$3:$A$110,Planification!A4,Florian!$C$3:$C$110) + SUMIF(Christophe!$A$3:$A$114,Planification!A4,Christophe!$C$3:$C$114) + SUMIF(Faton!$A$3:$A$112,Planification!A4,Faton!$C$3:$C$112) -> 80
B5: Milestone 1
A6: 1 | B6: Correction de l'architecture | C6: 45220 | D6: =C6+H6 -> 45233 | E6: =C6+G6 -> 45225 | F6: 45238 | G6: 5 | H6: =F6-E6 -> 13 | I6: 0 | J6: Chris | K6: 4 | L6: 7 | M6: 5 | N6: =(K6+L6+4*M6) / 6 -> 5.1666667 | O6: =SUMIF(Pamela!$A$3:$A$115,Planification!A6,Pamela!$C$3:$C$115) + SUMIF(Florian!$A$3:$A$110,Planification!A6,Florian!$C$3:$C$110) + SUMIF(Christophe!$A$3:$A$114,Planification!A6,Christophe!$C$3:$C$114) + SUMIF(Faton!$A$3:$A$112,Planification!A6,Faton!$C$3:$C$112) -> 0.5
B7: Milestone 2
A8: 2 | B8: Processus métier au clair pour réaliser les maquettes | C8: 45236 | D8: =C8+H8 -> 45236 | E8: =C8+G8 -> 45236 | F8: 45236 | G8: 0 | H8: =F8-E8 -> 0 | J8: Equipe | K8: 1 | L8: 1 | M8: 1 | N8: =(K8+L8+4*M8) / 6 -> 1 | O8: =SUMIF(Pamela!$A$3:$A$115,Planification!A8,Pamela!$C$3:$C$115) + SUMIF(Florian!$A$3:$A$110,Planification!A8,Florian!$C$3:$C$110) + SUMIF(Christophe!$A$3:$A$114,Planification!A8,Christophe!$C$3:$C$114) + SUMIF(Faton!$A$3:$A$112,Planification!A8,Faton!$C$3:$C$112) -> 1
A9: 3 | B9: Conception des maquettes | C9: 45241 | D9: =C9+H9 -> 45276 | E9: =C9+G9 -> 45247 | F9: 45282 | G9: 6 | H9: =F9-E9 -> 35 | I9: 2 | J9: Chris, Florian | K9: 15 | L9: 35 | M9: 32 | N9: =(K9+L9+4*M9) / 6 -> 29.666667 | O9: =SUMIF(Pamela!$A$3:$A$115,Planification!A9,Pamela!$C$3:$C$115) + SUMIF(Florian!$A$3:$A$110,Planification!A9,Florian!$C$3:$C$110) + SUMIF(Christophe!$A$3:$A$114,Planification!A9,Christophe!$C$3:$C$114) + SUMIF(Faton!$A$3:$A$112,Planification!A9,Faton!$C$3:$C$112) -> 24
A10: 4 | B10: Révisions et ajustements des maquettes | C10: 45257 | D10: =C10+H10 -> 45293 | E10: =C10+G10 -> 45264 | F10: 45300 | G10: 7 | H10: =F10-E10 -> 36 | I10: 3 | J10: Chris, Florian | K10: 8 | L10: 20 | M10: 15 | N10: =(K10+L10+4*M10) / 6 -> 14.666667 | O10: =SUMIF(Pamela!$A$3:$A$115,Planification!A10,Pamela!$C$3:$C$115) + SUMIF(Florian!$A$3:$A$110,Planification!A10,Florian!$C$3:$C$110) + SUMIF(Christophe!$A$3:$A$114,Planification!A10,Christophe!$C$3:$C$114) + SUMIF(Faton!$A$3:$A$112,Planification!A10,Faton!$C$3:$C$112) -> 0
B11: Milestone 3
A12: 5 | B12: Plan d'assurance qualité | C12: 45224 | D12: =C12+H12 -> 45231 | E12: =C12+G12 -> 45231 | F12: 45238 | G12: 7 | H12: =F12-E12 -> 7 | I12: 0 | J12: Chris, Florian, Pamela | K12: 5 | L12: 12 | M12: 10 | N12: =(K12+L12+4*M12) / 6 -> 9.5 | O12: =SUMIF(Pamela!$A$3:$A$115,Planification!A12,Pamela!$C$3:$C$115) + SUMIF(Florian!$A$3:$A$110,Planification!A12,Florian!$C$3:$C$110) + SUMIF(Christophe!$A$3:$A$114,Planification!A12,Christophe!$C$3:$C$114) + SUMIF(Faton!$A$3:$A$112,Planification!A12,Faton!$C$3:$C$112) -> 9
A13: 6 | B13: Plan de communication | C13: 45224 | D13: =C13+H13 -> 45231 | E13: =C13+G13 -> 45231 | F13: 45238 | G13: 7 | H13: =F13-E13 -> 7 | I13: 0 | J13: Florian, Faton | K13: 12 | L13: 17 | M13: 14 | N13: =(K13+L13+4*M13) / 6 -> 14.166667 | O13: =SUMIF(Pamela!$A$3:$A$115,Planification!A13,Pamela!$C$3:$C$115) + SUMIF(Florian!$A$3:$A$110,Planification!A13,Florian!$C$3:$C$110) + SUMIF(Christophe!$A$3:$A$114,Planification!A13,Christophe!$C$3:$C$114) + SUMIF(Faton!$A$3:$A$112,Planification!A13,Faton!$C$3:$C$112) -> 14
B14: Milestone 4
A15: 7 | B15: Choix du langage de programmation back-end | C15: 45254 | D15: =C15+H15 -> 45292 | E15: =C15+G15 -> 45261 | F15: 45299 | G15: 7 | H15: =F15-E15 -> 38 | J15: Pamela | K15: 2 | L15: 5 | M15: 3 | N15: =(K15+L15+4*M15) / 6 -> 3.1666667 | O15: =SUMIF(Pamela!$A$3:$A$115,Planification!A15,Pamela!$C$3:$C$115) + SUMIF(Florian!$A$3:$A$110,Planification!A15,Florian!$C$3:$C$110) + SUMIF(Christophe!$A$3:$A$114,Planification!A15,Christophe!$C$3:$C$114) + SUMIF(Faton!$A$3:$A$112,Planification!A15,Faton!$C$3:$C$112) -> 0
A16: 8 | B16: Choix du langage de programmation front-end | C16: 45254 | D16: =C16+H16 -> 45292 | E16: =C16+G16 -> 45261 | F16: 45299 | G16: 7 | H16: =F16-E16 -> 38 | J16: Pamela | K16: 2 | L16: 5 | M16: 3 | N16: =(K16+L16+4*M16) / 6 -> 3.1666667 | O16: =SUMIF(Pamela!$A$3:$A$115,Planification!A16,Pamela!$C$3:$C$115) + SUMIF(Florian!$A$3:$A$110,Planification!A16,Florian!$C$3:$C$110) + SUMIF(Christophe!$A$3:$A$114,Planification!A16,Christophe!$C$3:$C$114) + SUMIF(Faton!$A$3:$A$112,Planification!A16,Faton!$C$3:$C$112) -> 2.5
A17: 9 | B17: Choix du système de gestion de base de données | C17: 45254 | D17: =C17+H17 -> 45292 | E17: =C17+G17 -> 45261 | F17: 45299 | G17: 7 | H17: =F17-E17 -> 38 | J17: Pamela | K17: 2 | L17: 5 | M17: 3 | N17: =(K17+L17+4*M17) / 6 -> 3.1666667 | O17: =SUMIF(Pamela!$A$3:$A$115,Planification!A17,Pamela!$C$3:$C$115) + SUMIF(Florian!$A$3:$A$110,Planification!A17,Florian!$C$3:$C$110) + SUMIF(Christophe!$A$3:$A$114,Planification!A17,Christophe!$C$3:$C$114) + SUMIF(Faton!$A$3:$A$112,Planification!A17,Faton!$C$3:$C$112) -> 7
A18: 10 | B18: Choix des outils de collaboration et de développement | C18: 45254 | D18: =C18+H18 -> 45292 | E18: =C18+G18 -> 45261 | F18: 45299 | G18: 7 | H18: =F18-E18 -> 38 | J18: Pamela | K18: 2 | L18: 5 | M18: 3 | N18: =(K18+L18+4*M18) / 6 -> 3.1666667 | O18: =SUMIF(Pamela!$A$3:$A$115,Planification!A18,Pamela!$C$3:$C$115) + SUMIF(Florian!$A$3:$A$110,Planification!A18,Florian!$C$3:$C$110) + SUMIF(Christophe!$A$3:$A$114,Planification!A18,Christophe!$C$3:$C$114) + SUMIF(Faton!$A$3:$A$112,Planification!A18,Faton!$C$3:$C$112) -> 2
B19: Milestone 5
A20: 11 | B20: Installation de la SGBD choisie | C20: 45292 | D20: =C20+H20 -> 45321 | E20: =C20+G20 -> 45293 | F20: 45322 | G20: 1 | H20: =F20-E20 -> 29 | I20: 9 | J20: Florian | K20: 2 | L20: 8 | M20: 4 | N20: =(K20+L20+4*M20) / 6 -> 4.3333333 | O20: =SUMIF(Pamela!$A$3:$A$115,Planification!A20,Pamela!$C$3:$C$115) + SUMIF(Florian!$A$3:$A$110,Planification!A20,Florian!$C$3:$C$110) + SUMIF(Christophe!$A$3:$A$114,Planification!A20,Christophe!$C$3:$C$114) + SUMIF(Faton!$A$3:$A$112,Planification!A20,Faton!$C$3:$C$112) -> 0
A21: 12 | B21: Création des tables de la BDD | C21: 45293 | D21: =C21+H21 -> 45327 | E21: =C21+G21 -> 45299 | F21: 45333 | G21: 6 | H21: =F21-E21 -> 34 | I21: 11 | J21: Chris, Faton | K21: 8 | L21: 15 | M21: 12 | N21: =(K21+L21+4*M21) / 6 -> 11.833333 | O21: =SUMIF(Pamela!$A$3:$A$115,Planification!A21,Pamela!$C$3:$C$115) + SUMIF(Florian!$A$3:$A$110,Planification!A21,Florian!$C$3:$C$110) + SUMIF(Christophe!$A$3:$A$114,Planification!A21,Christophe!$C$3:$C$114) + SUMIF(Faton!$A$3:$A$112,Planification!A21,Faton!$C$3:$C$112) -> 0
A22: 13 | B22: Création des relations entre les tables et des contraintes | C22: 45300 | D22: =C22+H22 -> 45334 | E22: =C22+G22 -> 45306 | F22: 45340 | G22: 6 | H22: =F22-E22 -> 34 | I22: 12 | J22: Florian, Pamela | K22: 6 | L22: 15 | M22: 12 | N22: =(K22+L22+4*M22) / 6 -> 11.5 | O22: =SUMIF(Pamela!$A$3:$A$115,Planification!A22,Pamela!$C$3:$C$115) + SUMIF(Florian!$A$3:$A$110,Planification!A22,Florian!$C$3:$C$110) + SUMIF(Christophe!$A$3:$A$114,Planification!A22,Christophe!$C$3:$C$114) + SUMIF(Faton!$A$3:$A$112,Planification!A22,Faton!$C$3:$C$112) -> 0
B23: Milestone 6
A24: 14 | B24: Développer l'interface utilisateur de toutes les pages WEB | C24: 45292 | D24: =C24+H24 -> 45316 | E24: =C24+G24 -> 45306 | F24: 45330 | G24: 14 | H24: =F24-E24 -> 24 | I24: 8 | J24: Chris, Florian | K24: 20 | L24: 45 | M24: 29 | N24: =(K24+L24+4*M24) / 6 -> 30.166667 | O24: =SUMIF(Pamela!$A$3:$A$115,Planification!A24,Pamela!$C$3:$C$115) + SUMIF(Florian!$A$3:$A$110,Planification!A24,Florian!$C$3:$C$110) + SUMIF(Christophe!$A$3:$A$114,Planification!A24,Christophe!$C$3:$C$114) + SUMIF(Faton!$A$3:$A$112,Planification!A24,Faton!$C$3:$C$112) -> 15
A25: 15 | B25: Intégration de la logique back-end | C25: 45306 | D25: =C25+H25 -> 45341 | E25: =C25+G25 -> 45310 | F25: 45345 | G25: 4 | H25: =F25-E25 -> 35 | I25: 7, 12, 13, 14 | J25: Pamela, Faton | K25: 5 | L25: 10 | M25: 8 | N25: =(K25+L25+4*M25) / 6 -> 7.8333333 | O25: =SUMIF(Pamela!$A$3:$A$115,Planification!A25,Pamela!$C$3:$C$115) + SUMIF(Florian!$A$3:$A$110,Planification!A25,Florian!$C$3:$C$110) + SUMIF(Christophe!$A$3:$A$114,Planification!A25,Christophe!$C$3:$C$114) + SUMIF(Faton!$A$3:$A$112,Planification!A25,Faton!$C$3:$C$112) -> 0
B26: Milestone 7
A27: 16 | B27: Création de données fictives | C27: 45271 | D27: =C27+H27 -> 45306 | E27: =C27+G27 -> 45278 | F27: 45313 | G27: 7 | H27: =F27-E27 -> 35 | J27: Faton | K27: 2 | L27: 5 | M27: 3 | N27: =(K27+L27+4*M27) / 6 -> 3.1666667 | O27: =SUMIF(Pamela!$A$3:$A$115,Planification!A27,Pamela!$C$3:$C$115) + SUMIF(Florian!$A$3:$A$110,Planification!A27,Florian!$C$3:$C$110) + SUMIF(Christophe!$A$3:$A$114,Planification!A27,Christophe!$C$3:$C$114) + SUMIF(Faton!$A$3:$A$112,Planification!A27,Faton!$C$3:$C$112) -> 0
A28: 17 | B28: Développement du programme d'insertion de données | C28: 45292 | D28: =C28+H28 -> 45323 | E28: =C28+G28 -> 45306 | F28: 45337 | G28: 14 | H28: =F28-E28 -> 31 | I28: 16 | J28: Chris, Faton | K28: 4 | L28: 15 | M28: 10 | N28: =(K28+L28+4*M28) / 6 -> 9.8333333 | O28: =SUMIF(Pamela!$A$3:$A$115,Planification!A28,Pamela!$C$3:$C$115) + SUMIF(Florian!$A$3:$A$110,Planification!A28,Florian!$C$3:$C$110) + SUMIF(Christophe!$A$3:$A$114,Planification!A28,Christophe!$C$3:$C$114) + SUMIF(Faton!$A$3:$A$112,Planification!A28,Faton!$C$3:$C$112) -> 0
A29: 18 | B29: Test du programme d'insertion de données | C29: 45313 | D29: =C29+H29 -> 45338 | E29: =C29+G29 -> 45315 | F29: 45340 | G29: 2 | H29: =F29-E29 -> 25 | I29: 17 | J29: Chris, Florian | K29: 2 | L29: 8 | M29: 4 | N29: =(K29+L29+4*M29) / 6 -> 4.3333333 | O29: =SUMIF(Pamela!$A$3:$A$115,Planification!A29,Pamela!$C$3:$C$115) + SUMIF(Florian!$A$3:$A$110,Planification!A29,Florian!$C$3:$C$110) + SUMIF(Christophe!$A$3:$A$114,Planification!A29,Christophe!$C$3:$C$114) + SUMIF(Faton!$A$3:$A$112,Planification!A29,Faton!$C$3:$C$112) -> 0
B30: Milestone 8
A31: 19 | B31: Fonctionnalités admin : SuperGestion des intervenants | C31: 45313 | D31: =C31+H31 -> 45353 | E31: =C31+G31 -> 45328 | F31: 45368 | G31: 15 | H31: =F31-E31 -> 40 | I31: 14, 15 | J31: Chris | K31: 10 | L31: 25 | M31: 14 | N31: =(K31+L31+4*M31) / 6 -> 15.166667 | O31: =SUMIF(Pamela!$A$3:$A$115,Planification!A31,Pamela!$C$3:$C$115) + SUMIF(Florian!$A$3:$A$110,Planification!A31,Florian!$C$3:$C$110) + SUMIF(Christophe!$A$3:$A$114,Planification!A31,Christophe!$C$3:$C$114) + SUMIF(Faton!$A$3:$A$112,Planification!A31,Faton!$C$3:$C$112) -> 0
A32: 20 | B32: Fonctionnalités admin : Création des concours | C32: 45313 | D32: =C32+H32 -> 45346 | E32: =C32+G32 -> 45323 | F32: 45356 | G32: 10 | H32: =F32-E32 -> 33 | I32: 14, 15 | J32: Florian | K32: 8 | L32: 18 | M32: 16 | N32: =(K32+L32+4*M32) / 6 -> 15 | O32: =SUMIF(Pamela!$A$3:$A$115,Planification!A32,Pamela!$C$3:$C$115) + SUMIF(Florian!$A$3:$A$110,Planification!A32,Florian!$C$3:$C$110) + SUMIF(Christophe!$A$3:$A$114,Planification!A32,Christophe!$C$3:$C$114) + SUMIF(Faton!$A$3:$A$112,Planification!A32,Faton!$C$3:$C$112) -> 0
A33: 21 | B33: Fonctionnalités admin : Modification des concours | C33: 45318 | D33: =C33+H33 -> 45358 | E33: =C33+G33 -> 45328 | F33: 45368 | G33: 10 | H33: =F33-E33 -> 40 | I33: 20 | J33: Florian | K33: 8 | L33: 20 | M33: 15 | N33: =(K33+L33+4*M33) / 6 -> 14.666667 | O33: =SUMIF(Pamela!$A$3:$A$115,Planification!A33,Pamela!$C$3:$C$115) + SUMIF(Florian!$A$3:$A$110,Planification!A33,Florian!$C$3:$C$110) + SUMIF(Christophe!$A$3:$A$114,Planification!A33,Christophe!$C$3:$C$114) + SUMIF(Faton!$A$3:$A$112,Planification!A33,Faton!$C$3:$C$112) -> 0
A34: 22 | B34: Fonctionnalités admin : Gestion des comptes utilisateurs | C34: 45313 | D34: =C34+H34 -> 45353 | E34: =C34+G34 -> 45328 | F34: 45368 | G34: 15 | H34: =F34-E34 -> 40 | I34: 14, 15 | J34: Pamela | K34: 14 | L34: 30 | M34: 19 | N34: =(K34+L34+4*M34) / 6 -> 20 | O34: =SUMIF(Pamela!$A$3:$A$115,Planification!A34,Pamela!$C$3:$C$115) + SUMIF(Florian!$A$3:$A$110,Planification!A34,Florian!$C$3:$C$110) + SUMIF(Christophe!$A$3:$A$114,Planification!A34,Christophe!$C$3:$C$114) + SUMIF(Faton!$A$3:$A$112,Planification!A34,Faton!$C$3:$C$112) -> 0
A35: 23 | B35: Fonctionnalités coach classique : Création des gymnastes | C35: 45313 | D35: =C35+H35 -> 45346 | E35: =C35+G35 -> 45323 | F35: 45356 | G35: 10 | H35: =F35-E35 -> 33 | I35: 14.15 | J35: Faton | K35: 12 | L35: 24 | M35: 14 | N35: =(K35+L35+4*M35) / 6 -> 15.333333 | O35: =SUMIF(Pamela!$A$3:$A$115,Planification!A35,Pamela!$C$3:$C$115) + SUMIF(Florian!$A$3:$A$110,Planification!A35,Florian!$C$3:$C$110) + SUMIF(Christophe!$A$3:$A$114,Planification!A35,Christophe!$C$3:$C$114) + SUMIF(Faton!$A$3:$A$112,Planification!A35,Faton!$C$3:$C$112) -> 0
A36: 24 | B36: Fonctionnalités coach classique : Consulter infos gymnastes | C36: 45318 | D36: =C36+H36 -> 45363 | E36: =C36+G36 -> 45323 | F36: 45368 | G36: 5 | H36: =F36-E36 -> 45 | I36: 23 | J36: Chris | K36: 4 | L36: 11 | M36: 8 | N36: =(K36+L36+4*M36) / 6 -> 7.8333333 | O36: =SUMIF(Pamela!$A$3:$A$115,Planification!A36,Pamela!$C$3:$C$115) + SUMIF(Florian!$A$3:$A$110,Planification!A36,Florian!$C$3:$C$110) + SUMIF(Christophe!$A$3:$A$114,Planification!A36,Christophe!$C$3:$C$114) + SUMIF(Faton!$A$3:$A$112,Planification!A36,Faton!$C$3:$C$112) -> 0
A37: 25 | B37: Fonctionnalités coach classique : Modifier infos gymnastes | C37: 45318 | D37: =C37+H37 -> 45358 | E37: =C37+G37 -> 45328 | F37: 45368 | G37: 10 | H37: =F37-E37 -> 40 | I37: 23 | J37: Chris | K37: 8 | L37: 18 | M37: 16 | N37: =(K37+L37+4*M37) / 6 -> 15 | O37: =SUMIF(Pamela!$A$3:$A$115,Planification!A37,Pamela!$C$3:$C$115) + SUMIF(Florian!$A$3:$A$110,Planification!A37,Florian!$C$3:$C$110) + SUMIF(Christophe!$A$3:$A$114,Planification!A37,Christophe!$C$3:$C$114) + SUMIF(Faton!$A$3:$A$112,Planification!A37,Faton!$C$3:$C$112) -> 0
A38: 26 | B38: Fonctionnalités coach classique : Selection des gymnastes pour concourir | C38: 45318 | D38: =C38+H38 -> 45358 | E38: =C38+G38 -> 45328 | F38: 45368 | G38: 10 | H38: =F38-E38 -> 40 | I38: 20, 23 | J38: Florian | K38: 9 | L38: 20 | M38: 15 | N38: =(K38+L38+4*M38) / 6 -> 14.833333 | O38: =SUMIF(Pamela!$A$3:$A$115,Planification!A38,Pamela!$C$3:$C$115) + SUMIF(Florian!$A$3:$A$110,Planification!A38,Florian!$C$3:$C$110) + SUMIF(Christophe!$A$3:$A$114,Planification!A38,Christophe!$C$3:$C$114) + SUMIF(Faton!$A$3:$A$112,Planification!A38,Faton!$C$3:$C$112) -> 0
A39: 27 | B39: Fonctionnalités coach classique : Selection des catégories des gymnastes | C39: 45318 | D39: =C39+H39 -> 45364 | E39: =C39+G39 -> 45322 | F39: 45368 | G39: 4 | H39: =F39-E39 -> 46 | I39: 20, 23 | J39: Pamela | K39: 3 | L39: 9 | M39: 6 | N39: =(K39+L39+4*M39) / 6 -> 6 | O39: =SUMIF(Pamela!$A$3:$A$115,Planification!A39,Pamela!$C$3:$C$115) + SUMIF(Florian!$A$3:$A$110,Planification!A39,Florian!$C$3:$C$110) + SUMIF(Christophe!$A$3:$A$114,Planification!A39,Christophe!$C$3:$C$114) + SUMIF(Faton!$A$3:$A$112,Planification!A39,Faton!$C$3:$C$112) -> 0
A40: 28 | B40: Tester et valider les fonctionnalités du 1er prototype | C40: 45333 | D40: =C40+H40 -> 45363 | E40: =C40+G40 -> 45338 | F40: 45368 | G40: 5 | H40: =F40-E40 -> 30 | I40: 19, 20, 21, 22, 23, 24, 25, 26, 27 | J40: Equipe | K40: 2 | L40: 9 | M40: 5 | N40: =(K40+L40+4*M40) / 6 -> 5.1666667 | O40: =SUMIF(Pamela!$A$3:$A$115,Planification!A40,Pamela!$C$3:$C$115) + SUMIF(Florian!$A$3:$A$110,Planification!A40,Florian!$C$3:$C$110) + SUMIF(Christophe!$A$3:$A$114,Planification!A40,Christophe!$C$3:$C$114) + SUMIF(Faton!$A$3:$A$112,Planification!A40,Faton!$C$3:$C$112) -> 0
B41: Milestone 9
A42: 29 | B42: Fonctionnalités admin : Import des données format CSV | C42: 45341 | D42: =C42+H42 -> 45363 | E42: =C42+G42 -> 45361 | F42: 45383 | G42: 20 | H42: =F42-E42 -> 22 | I42: 20.23 | J42: Chris, Florian, Pamela | K42: 14 | L42: 23 | M42: 21 | N42: =(K42+L42+4*M42) / 6 -> 20.166667 | O42: =SUMIF(Pamela!$A$3:$A$115,Planification!A42,Pamela!$C$3:$C$115) + SUMIF(Florian!$A$3:$A$110,Planification!A42,Florian!$C$3:$C$110) + SUMIF(Christophe!$A$3:$A$114,Planification!A42,Christophe!$C$3:$C$114) + SUMIF(Faton!$A$3:$A$112,Planification!A42,Faton!$C$3:$C$112) -> 0
A43: 30 | B43: Fonctionnalités admin : Export des données format CSV | C43: 45341 | D43: =C43+H43 -> 45363 | E43: =C43+G43 -> 45361 | F43: 45383 | G43: 20 | H43: =F43-E43 -> 22 | I43: 20, 23 | J43: Chris, Florian, Pamela | K43: 14 | L43: 23 | M43: 21 | N43: =(K43+L43+4*M43) / 6 -> 20.166667 | O43: =SUMIF(Pamela!$A$3:$A$115,Planification!A43,Pamela!$C$3:$C$115) + SUMIF(Florian!$A$3:$A$110,Planification!A43,Florian!$C$3:$C$110) + SUMIF(Christophe!$A$3:$A$114,Planification!A43,Christophe!$C$3:$C$114) + SUMIF(Faton!$A$3:$A$112,Planification!A43,Faton!$C$3:$C$112) -> 0
A44: 31 | B44: Fonctionnalités admin : Calcul du montant à payer et nombre de juges | C44: 45363 | D44: =C44+H44 -> 45384 | E44: =C44+G44 -> 45368 | F44: 45389 | G44: 5 | H44: =F44-E44 -> 21 | I44: 30 | J44: Faton | K44: 4 | L44: 10 | M44: 8 | N44: =(K44+L44+4*M44) / 6 -> 7.6666667 | O44: =SUMIF(Pamela!$A$3:$A$115,Planification!A44,Pamela!$C$3:$C$115) + SUMIF(Florian!$A$3:$A$110,Planification!A44,Florian!$C$3:$C$110) + SUMIF(Christophe!$A$3:$A$114,Planification!A44,Christophe!$C$3:$C$114) + SUMIF(Faton!$A$3:$A$112,Planification!A44,Faton!$C$3:$C$112) -> 0
A45: 32 | B45: Fonctionnalités coach classique : Statistiques des sociétés | C45: 45363 | D45: =C45+H45 -> 45384 | E45: =C45+G45 -> 45368 | F45: 45389 | G45: 5 | H45: =F45-E45 -> 21 | I45: 29 | J45: Faton | K45: 5 | L45: 13 | M45: 10 | N45: =(K45+L45+4*M45) / 6 -> 9.6666667 | O45: =SUMIF(Pamela!$A$3:$A$115,Planification!A45,Pamela!$C$3:$C$115) + SUMIF(Florian!$A$3:$A$110,Planification!A45,Florian!$C$3:$C$110) + SUMIF(Christophe!$A$3:$A$114,Planification!A45,Christophe!$C$3:$C$114) + SUMIF(Faton!$A$3:$A$112,Planification!A45,Faton!$C$3:$C$112) -> 0
A46: 33 | B46: Fonctionnalité coach classique : Sélection des gymnastes pour concours par équipe | C46: 45341 | D46: =C46+H46 -> 45379 | E46: =C46+G46 -> 45351 | F46: 45389 | G46: 10 | H46: =F46-E46 -> 38 | I46: 20, 23 | J46: Pamela, Faton | K46: 12 | L46: 20 | M46: 15 | N46: =(K46+L46+4*M46) / 6 -> 15.333333 | O46: =SUMIF(Pamela!$A$3:$A$115,Planification!A46,Pamela!$C$3:$C$115) + SUMIF(Florian!$A$3:$A$110,Planification!A46,Florian!$C$3:$C$110) + SUMIF(Christophe!$A$3:$A$114,Planification!A46,Christophe!$C$3:$C$114) + SUMIF(Faton!$A$3:$A$112,Planification!A46,Faton!$C$3:$C$112) -> 0
A47: 34 | B47: Tester et valider les fonctionnalités du 2ème prototype | C47: 45368 | D47: =C47+H47 -> 45384 | E47: =C47+G47 -> 45373 | F47: 45389 | G47: 5 | H47: =F47-E47 -> 16 | I47: 29, 30, 31, 32, 33 | J47: Equipe | K47: 2 | L47: 8 | M47: 5 | N47: =(K47+L47+4*M47) / 6 -> 5 | O47: =SUMIF(Pamela!$A$3:$A$115,Planification!A47,Pamela!$C$3:$C$115) + SUMIF(Florian!$A$3:$A$110,Planification!A47,Florian!$C$3:$C$110) + SUMIF(Christophe!$A$3:$A$114,Planification!A47,Christophe!$C$3:$C$114) + SUMIF(Faton!$A$3:$A$112,Planification!A47,Faton!$C$3:$C$112) -> 0
B48: Milestone 10
A49: 35 | B49: Tester toutes les fonctionnalités faites jusqu'à maintenant (1er et 2ème prototype) | C49: 45368 | D49: =C49+H49 -> 45379 | E49: =C49+G49 -> 45378 | F49: 45389 | G49: 10 | H49: =F49-E49 -> 11 | I49: 28, 34 | J49: Equipe | K49: 15 | L49: 22 | M49: 20 | N49: =(K49+L49+4*M49) / 6 -> 19.5 | O49: =SUMIF(Pamela!$A$3:$A$115,Planification!A49,Pamela!$C$3:$C$115) + SUMIF(Florian!$A$3:$A$110,Planification!A49,Florian!$C$3:$C$110) + SUMIF(Christophe!$A$3:$A$114,Planification!A49,Christophe!$C$3:$C$114) + SUMIF(Faton!$A$3:$A$112,Planification!A49,Faton!$C$3:$C$112) -> 0
B50: Milestone 11
A51: 36 | B51: Fonctionnalités coach privilégié : Modification des contacts | C51: 45376 | D51: =C51+H51 -> 45395 | E51: =C51+G51 -> 45384 | F51: 45403 | G51: 8 | H51: =F51-E51 -> 19 | I51: 22 | J51: Chris | K51: 10 | L51: 17 | M51: 15 | N51: =(K51+L51+4*M51) / 6 -> 14.5 | O51: =SUMIF(Pamela!$A$3:$A$115,Planification!A51,Pamela!$C$3:$C$115) + SUMIF(Florian!$A$3:$A$110,Planification!A51,Florian!$C$3:$C$110) + SUMIF(Christophe!$A$3:$A$114,Planification!A51,Christophe!$C$3:$C$114) + SUMIF(Faton!$A$3:$A$112,Planification!A51,Faton!$C$3:$C$112) -> 0
A52: 37 | B52: Fonctionnalités coach privilégié : Split Société | C52: 45376 | D52: =C52+H52 -> 45388 | E52: =C52+G52 -> 45391 | F52: 45403 | G52: 15 | H52: =F52-E52 -> 12 | I52: 22 | J52: Florian, Pamela | K52: 18 | L52: 30 | M52: 25 | N52: =(K52+L52+4*M52) / 6 -> 24.666667 | O52: =SUMIF(Pamela!$A$3:$A$115,Planification!A52,Pamela!$C$3:$C$115) + SUMIF(Florian!$A$3:$A$110,Planification!A52,Florian!$C$3:$C$110) + SUMIF(Christophe!$A$3:$A$114,Planification!A52,Christophe!$C$3:$C$114) + SUMIF(Faton!$A$3:$A$112,Planification!A52,Faton!$C$3:$C$112) -> 0
A53: 38 | B53: Fonctionnalité : Historique des gymnastes | C53: 45390 | D53: =C53+H53 -> 45398 | E53: =C53+G53 -> 45395 | F53: 45403 | G53: 5 | H53: =F53-E53 -> 8 | I53: 29 | J53: Faton | K53: 3 | L53: 10 | M53: 9 | N53: =(K53+L53+4*M53) / 6 -> 8.1666667 | O53: =SUMIF(Pamela!$A$3:$A$115,Planification!A53,Pamela!$C$3:$C$115) + SUMIF(Florian!$A$3:$A$110,Planification!A53,Florian!$C$3:$C$110) + SUMIF(Christophe!$A$3:$A$114,Planification!A53,Christophe!$C$3:$C$114) + SUMIF(Faton!$A$3:$A$112,Planification!A53,Faton!$C$3:$C$112) -> 0.1
A54: 39 | B54: Tester et valider les fonctionnalités du 3ème prototype | C54: 45395 | D54: =C54+H54 -> 45398 | E54: =C54+G54 -> 45400 | F54: 45403 | G54: 5 | H54: =F54-E54 -> 3 | I54: 36, 37, 38 | J54: Equipe | K54: 2 | L54: 9 | M54: 5 | N54: =(K54+L54+4*M54) / 6 -> 5.1666667 | O54: =SUMIF(Pamela!$A$3:$A$115,Planification!A54,Pamela!$C$3:$C$115) + SUMIF(Florian!$A$3:$A$110,Planification!A54,Florian!$C$3:$C$110) + SUMIF(Christophe!$A$3:$A$114,Planification!A54,Christophe!$C$3:$C$114) + SUMIF(Faton!$A$3:$A$112,Planification!A54,Faton!$C$3:$C$112) -> 0
B55: Milestone 12
A56: 40 | B56: Exécuter les derniers tests avant le déploiement | C56: 45395 | D56: =C56+H56 -> 45396 | E56: =C56+G56 -> 45403 | F56: 45404 | G56: 8 | H56: =F56-E56 -> 1 | I56: 28, 34, 39 | J56: Equipe | K56: 12 | L56: 24 | M56: 14 | N56: =(K56+L56+4*M56) / 6 -> 15.333333 | O56: =SUMIF(Pamela!$A$3:$A$115,Planification!A56,Pamela!$C$3:$C$115) + SUMIF(Florian!$A$3:$A$110,Planification!A56,Florian!$C$3:$C$110) + SUMIF(Christophe!$A$3:$A$114,Planification!A56,Christophe!$C$3:$C$114) + SUMIF(Faton!$A$3:$A$112,Planification!A56,Faton!$C$3:$C$112) -> 0
B57: Milestone 13
A58: 41 | B58: Documenter le manuel de transition des données | C58: 45336 | D58: =C58+H58 -> 45398 | E58: =C58+G58 -> 45341 | F58: 45403 | G58: 5 | H58: =F58-E58 -> 62 | I58: 18 | J58: Chris | K58: 9 | L58: 18 | M58: 16 | N58: =(K58+L58+4*M58) / 6 -> 15.166667 | O58: =SUMIF(Pamela!$A$3:$A$115,Planification!A58,Pamela!$C$3:$C$115) + SUMIF(Florian!$A$3:$A$110,Planification!A58,Florian!$C$3:$C$110) + SUMIF(Christophe!$A$3:$A$114,Planification!A58,Christophe!$C$3:$C$114) + SUMIF(Faton!$A$3:$A$112,Planification!A58,Faton!$C$3:$C$112) -> 0
A59: 42 | B59: Documenter le manuel utilisateur du 1er prototype | C59: 45340 | D59: =C59+H59 -> 45366 | E59: =C59+G59 -> 45342 | F59: 45368 | G59: 2 | H59: =F59-E59 -> 26 | I59: 28 | J59: Pamela | K59: 8 | L59: 14 | M59: 10 | N59: =(K59+L59+4*M59) / 6 -> 10.333333 | O59: =SUMIF(Pamela!$A$3:$A$115,Planification!A59,Pamela!$C$3:$C$115) + SUMIF(Florian!$A$3:$A$110,Planification!A59,Florian!$C$3:$C$110) + SUMIF(Christophe!$A$3:$A$114,Planification!A59,Christophe!$C$3:$C$114) + SUMIF(Faton!$A$3:$A$112,Planification!A59,Faton!$C$3:$C$112) -> 0
A60: 43 | B60: Rédaction du manuel de maintenance et du manuel de sécurité | C60: 45381 | D60: =C60+H60 -> 45393 | E60: =C60+G60 -> 45391 | F60: 45403 | G60: 10 | H60: =F60-E60 -> 12 | I60: 28 | J60: Florian | K60: 20 | L60: 27 | M60: 25 | N60: =(K60+L60+4*M60) / 6 -> 24.5 | O60: =SUMIF(Pamela!$A$3:$A$115,Planification!A60,Pamela!$C$3:$C$115) + SUMIF(Florian!$A$3:$A$110,Planification!A60,Florian!$C$3:$C$110) + SUMIF(Christophe!$A$3:$A$114,Planification!A60,Christophe!$C$3:$C$114) + SUMIF(Faton!$A$3:$A$112,Planification!A60,Faton!$C$3:$C$112) -> 0
A61: 44 | B61: Documenter le manuel utilisateur du 2eme prototype | C61: 45375 | D61: =C61+H61 -> 45387 | E61: =C61+G61 -> 45377 | F61: 45389 | G61: 2 | H61: =F61-E61 -> 12 | I61: 34 | J61: Faton | K61: 8 | L61: 14 | M61: 10 | N61: =(K61+L61+4*M61) / 6 -> 10.333333 | O61: =SUMIF(Pamela!$A$3:$A$115,Planification!A61,Pamela!$C$3:$C$115) + SUMIF(Florian!$A$3:$A$110,Planification!A61,Florian!$C$3:$C$110) + SUMIF(Christophe!$A$3:$A$114,Planification!A61,Christophe!$C$3:$C$114) + SUMIF(Faton!$A$3:$A$112,Planification!A61,Faton!$C$3:$C$112) -> 0
A62: 45 | B62: Documenter le manuel utilisateur du 3eme prototype | C62: 45400 | D62: =C62+H62 -> 45401 | E62: =C62+G62 -> 45402 | F62: 45403 | G62: 2 | H62: =F62-E62 -> 1 | I62: 39 | J62: Florian, Pamela | K62: 8 | L62: 14 | M62: 10 | N62: =(K62+L62+4*M62) / 6 -> 10.333333 | O62: =SUMIF(Pamela!$A$3:$A$115,Planification!A62,Pamela!$C$3:$C$115) + SUMIF(Florian!$A$3:$A$110,Planification!A62,Florian!$C$3:$C$110) + SUMIF(Christophe!$A$3:$A$114,Planification!A62,Christophe!$C$3:$C$114) + SUMIF(Faton!$A$3:$A$112,Planification!A62,Faton!$C$3:$C$112) -> 0
A63: 46 | B63: Environnement et jeux de tests | C63: 45341 | D63: =C63+H63 -> 45393 | E63: =C63+G63 -> 45351 | F63: 45403 | G63: 10 | H63: =F63-E63 -> 52 | I63: 28 | J63: Equipe | K63: 27 | L63: 35 | M63: 30 | N63: =(K63+L63+4*M63) / 6 -> 30.333333 | O63: =SUMIF(Pamela!$A$3:$A$115,Planification!A63,Pamela!$C$3:$C$115) + SUMIF(Florian!$A$3:$A$110,Planification!A63,Florian!$C$3:$C$110) + SUMIF(Christophe!$A$3:$A$114,Planification!A63,Christophe!$C$3:$C$114) + SUMIF(Faton!$A$3:$A$112,Planification!A63,Faton!$C$3:$C$112) -> 0
B64: Milestone 14
A65: 47 | B65: Déployer l'application sur le serveur choisi | C65: 45404 | D65: =C65+H65 -> 45406 | E65: =C65+G65 -> 45406 | F65: 45408 | G65: 2 | H65: =F65-E65 -> 2 | I65: 40 | J65: Chris, Pamela | K65: 2 | L65: 6 | M65: 4 | N65: =(K65+L65+4*M65) / 6 -> 4 | O65: =SUMIF(Pamela!$A$3:$A$115,Planification!A65,Pamela!$C$3:$C$115) + SUMIF(Florian!$A$3:$A$110,Planification!A65,Florian!$C$3:$C$110) + SUMIF(Christophe!$A$3:$A$114,Planification!A65,Christophe!$C$3:$C$114) + SUMIF(Faton!$A$3:$A$112,Planification!A65,Faton!$C$3:$C$112) -> 0
A66: 48 | B66: Vérifier les manuels | C66: 45404 | D66: =C66+H66 -> 45405 | E66: =C66+G66 -> 45407 | F66: 45408 | G66: 3 | H66: =F66-E66 -> 1 | I66: 41, 42, 43, 44, 45 | J66: Equipe | K66: 5 | L66: 11 | M66: 8 | N66: =(K66+L66+4*M66) / 6 -> 8 | O66: =SUMIF(Pamela!$A$3:$A$115,Planification!A66,Pamela!$C$3:$C$115) + SUMIF(Florian!$A$3:$A$110,Planification!A66,Florian!$C$3:$C$110) + SUMIF(Christophe!$A$3:$A$114,Planification!A66,Christophe!$C$3:$C$114) + SUMIF(Faton!$A$3:$A$112,Planification!A66,Faton!$C$3:$C$112) -> 0
B67: Milestone 15
A68: 49 | B68: Corrections et améliorations proposées par le mandant après test de l'application | C68: 45411 | D68: =C68+H68 -> 45429 | E68: =C68+G68 -> 45425 | F68: 45443 | G68: 14 | H68: =F68-E68 -> 18 | I68: 47, 48 | J68: Equipe | K68: 14 | L68: 30 | M68: 19 | N68: =(K68+L68+4*M68) / 6 -> 20 | O68: =SUMIF(Pamela!$A$3:$A$115,Planification!A68,Pamela!$C$3:$C$115) + SUMIF(Florian!$A$3:$A$110,Planification!A68,Florian!$C$3:$C$110) + SUMIF(Christophe!$A$3:$A$114,Planification!A68,Christophe!$C$3:$C$114) + SUMIF(Faton!$A$3:$A$112,Planification!A68,Faton!$C$3:$C$112) -> 0
B69: Corrections
A70: 50 | B70: Corrections COPIL | C70: 45198 | F70: 45077 | J70: Equipe | K70: 100 | L70: 200 | M70: 150 | N70: =(K70+L70+4*M70) / 6 -> 150 | O70: =SUMIF(Pamela!$A$3:$A$115,Planification!A70,Pamela!$C$3:$C$115) + SUMIF(Florian!$A$3:$A$110,Planification!A70,Florian!$C$3:$C$110) + SUMIF(Christophe!$A$3:$A$114,Planification!A70,Christophe!$C$3:$C$114) + SUMIF(Faton!$A$3:$A$112,Planification!A70,Faton!$C$3:$C$112) -> 29
A71: 51 | B71: Corrections Mandant | C71: 45198 | F71: 45077 | J71: Equipe | K71: 25 | L71: 65 | M71: 52 | N71: =(K71+L71+4*M71) / 6 -> 49.666667 | O71: =SUMIF(Pamela!$A$3:$A$115,Planification!A71,Pamela!$C$3:$C$115) + SUMIF(Florian!$A$3:$A$110,Planification!A71,Florian!$C$3:$C$110) + SUMIF(Christophe!$A$3:$A$114,Planification!A71,Christophe!$C$3:$C$114) + SUMIF(Faton!$A$3:$A$112,Planification!A71,Faton!$C$3:$C$112) -> 0.5
A72: 52 | B72: Corrections Equipe | C72: 45198 | F72: 45077 | J72: Equipe | K72: 25 | L72: 60 | M72: 53 | N72: =(K72+L72+4*M72) / 6 -> 49.5 | O72: =SUMIF(Pamela!$A$3:$A$115,Planification!A72,Pamela!$C$3:$C$115) + SUMIF(Florian!$A$3:$A$110,Planification!A72,Florian!$C$3:$C$110) + SUMIF(Christophe!$A$3:$A$114,Planification!A72,Christophe!$C$3:$C$114) + SUMIF(Faton!$A$3:$A$112,Planification!A72,Faton!$C$3:$C$112) -> 4.25
B73: Rendez-vous
A74: 53 | B74: COPIL : acceptations, point de contrôle, soutenance | J74: Equipe | K74: 10 | L74: 10 | M74: 10 | N74: =(K74+L74+4*M74) / 6 -> 10 | O74: =SUMIF(Pamela!$A$3:$A$115,Planification!A74,Pamela!$C$3:$C$115) + SUMIF(Florian!$A$3:$A$110,Planification!A74,Florian!$C$3:$C$110) + SUMIF(Christophe!$A$3:$A$114,Planification!A74,Christophe!$C$3:$C$114) + SUMIF(Faton!$A$3:$A$112,Planification!A74,Faton!$C$3:$C$112) -> 4
A75: 54 | B75: COPIL : préparation des rendez-vous | J75: Equipe | K75: 32 | L75: 45 | M75: 38 | N75: =(K75+L75+4*M75) / 6 -> 38.166667 | O75: =SUMIF(Pamela!$A$3:$A$115,Planification!A75,Pamela!$C$3:$C$115) + SUMIF(Florian!$A$3:$A$110,Planification!A75,Florian!$C$3:$C$110) + SUMIF(Christophe!$A$3:$A$114,Planification!A75,Christophe!$C$3:$C$114) + SUMIF(Faton!$A$3:$A$112,Planification!A75,Faton!$C$3:$C$112) -> 13.25
A76: 55 | B76: COPIL : rédaction des PV | J76: Faton | K76: 7 | L76: 10 | M76: 9 | N76: =(K76+L76+4*M76) / 6 -> 8.8333333 | O76: =SUMIF(Pamela!$A$3:$A$115,Planification!A76,Pamela!$C$3:$C$115) + SUMIF(Florian!$A$3:$A$110,Planification!A76,Florian!$C$3:$C$110) + SUMIF(Christophe!$A$3:$A$114,Planification!A76,Christophe!$C$3:$C$114) + SUMIF(Faton!$A$3:$A$112,Planification!A76,Faton!$C$3:$C$112) -> 1.7
A77: 56 | B77: Mandant : appel Teams ou physique | J77: Equipe | K77: 8 | L77: 10 | M77: 8 | N77: =(K77+L77+4*M77) / 6 -> 8.3333333 | O77: =SUMIF(Pamela!$A$3:$A$115,Planification!A77,Pamela!$C$3:$C$115) + SUMIF(Florian!$A$3:$A$110,Planification!A77,Florian!$C$3:$C$110) + SUMIF(Christophe!$A$3:$A$114,Planification!A77,Christophe!$C$3:$C$114) + SUMIF(Faton!$A$3:$A$112,Planification!A77,Faton!$C$3:$C$112) -> 2
A78: 57 | B78: Mandant : rédaction des PV | J78: Faton | K78: 6 | L78: 9 | M78: 8 | N78: =(K78+L78+4*M78) / 6 -> 7.8333333 | O78: =SUMIF(Pamela!$A$3:$A$115,Planification!A78,Pamela!$C$3:$C$115) + SUMIF(Florian!$A$3:$A$110,Planification!A78,Florian!$C$3:$C$110) + SUMIF(Christophe!$A$3:$A$114,Planification!A78,Christophe!$C$3:$C$114) + SUMIF(Faton!$A$3:$A$112,Planification!A78,Faton!$C$3:$C$112) -> 0
J79: Total | K79: =SUM(K4:K78) -> 685 | L79: =SUM(L4:L78) -> 1284 | M79: =SUM(M4:M78) -> 1007 | N79: =SUM(N4:N78) -> 999.5 | O79: =SUM(O4:O78) -> 209.8

Sheet Pamela
A1: Pamela Verdon
A2: Numéro de la tâche | B2: Date | C2: Temps réel | D2: Description
A3: 0 | B3: 27.09.2023 - 18.10.2023 | C3: 20 | D3: Temps estimé des premières semaines (avant planification)
A4: 54 | B4: 45197 | C4: 1 | D4: Préparation RDV A0
A5: 53 | B5: 45198 | C5: 0.25 | D5: RDV acceptation A0
A6: 56 | B6: 45201 | C6: 0.25 | D6: Appel 1 avec mandant
A7: 54 | B7: 45218 | C7: 2 | D7: Préparation RDV A1
A8: 53 | B8: 45219 | C8: 0.25 | D8: RDV acceptation A1
A9: 50 | B9: 26.10.2023 - 01.11.2023 | C9: 4 | D9: Méthodologie : précision du choix développement itératif et incrémental, utilisation Trello Document de projet : corrections fonctionnalités, analyse de l'existant Gestion des risques : atténuation et prévention Références des documents
A10: 5 | B10: 45231 | C10: 3 | D10: PAQ (en appel équipe)
A11: 56 | B11: 45236 | C11: 0.25 | D11: Appel 2 avec mandant
A12: 2 | B12: 45236 | C12: 0.25 | D12: Questions posées au mandant pendant appel
A13: 51 | B13: 45236 | C13: 0.5 | D13: Corrections de la première lecture du document de projet par le mandant
A14: 6 | B14: 45238 | C14: 2 | D14: Plan de communication (en appel équipe)
A15: 54 | B15: 45239 | C15: 2 | D15: Préparation RDV A2
A16: 53 | B16: 45240 | C16: 0.25 | D16: RDV acceptation A2
A17: 52 | B17: 45241 | C17: 2 | D17: Modification nom de certaines fonctionnalités et donc changement dans planif et milestones
A18: 50 | B18: 45244 | C18: 2.25 | D18: Scénarios pour réaliser ensuite les diagrammes organisationnels BPMN
A19: 50 | B19: 45250 | C19: 1.25 | D19: Précision cahier des charges, plan de comm et avis utilisateurs finaux et esquisse de l'analyse multicritères pour choix de méthodologie
A20: 50 | B20: 45251 | C20: 2.5 | D20: Analyse multicritères pour choix méthodologie
A21: 50 | B21: 45252 | C21: 1.75 | D21: Gestion des risques (pas tout en vert)
... A26: 53 | B26: 45258 | C26: 0.25 | D26: RDV PDC1
A27: 10 | B27: 45266 | C27: 1
A28: N°56 | B28: 45271 | C28: 0.5 | D28: RDV Mandant
A29: 10 | B29: 45292 | C29: 1
A30: 9 | B30: 45294 | C30: 2 | D30: Recherches services cloud
A31: 9 | B31: 45296 | C31: 5 | D31: Recherches et rédaction
A32: 8 | B32: 45297 | C32: 2.5 | D32: Recherches et rédaction

Sheet Florian
A1: Florian Naef
A2: Numéro de la tâche | B2: Date | C2: Temps réel | D2: Description
A3: 0 | B3: 27.09.2023 - 18.10.2023 | C3: 20 | D3: Temps estimé des premières semaines (avant planification)
A4: 54 | B4: 45197 | C4: 1 | D4: Préparation RDV A0
A5: 53 | B5: 45198 | C5: 0.25 | D5: RDV acceptation A0
A6: 56 | B6: 45201 | C6: 0.25 | D6: Appel 1 avec mandant
A7: 54 | B7: 45218 | C7: 1 | D7: Préparation RDV A1
A8: 53 | B8: 45219 | C8: 0.25 | D8: RDV acceptation A1
A9: 50 | B9: 26.10.2023 - 01.11.2023 | C9: 1.25 | D9: Planification : explication des colonnes Trello Gestion des risques : atténuation et prévention Document de projet : concurrence
A10: 5 | B10: 45231 | C10: 3 | D10: PAQ (en appel équipe)
A11: 56 | B11: 45236 | C11: 0.25 | D11: Appel 2 avec mandant
A12: 2 | B12: 45236 | C12: 0.25 | D12: Questions posées au mandant pendant appel
A13: 6 | B13: 45238 | C13: 4 | D13: Plan de communication (en appel équipe)
A14: 54 | B14: 45239 | C14: 1.75 | D14: Préparation RDV A2
A15: 53 | B15: 45240 | C15: 0.25 | D15: RDV acceptation A2
A16: 3 | B16: 13.11.2023 - 26.11.2023 | C16: 12 | D16: Maquettes
A17: 53 | B17: 45258 | C17: 0.25 | D17: RDV PDC1
A18: N°56 | B18: 45271 | C18: 0.5 | D18: RDV Mandant
A19: 14 | C19: 2 | D19: Test code carte violette

Sheet Christophe
A1: Christophe Alexakis
A2: Numéro de la tâche | B2: Date | C2: Temps réel | D2: Description
A3: 0 | B3: 27.09.2023 - 18.10.2023 | C3: 20 | D3: Temps estimé des premières semaines (avant planification)
A4: 54 | B4: 45197 | C4: 0.5 | D4: Préparation RDV A0
A5: 53 | B5: 45198 | C5: 0.25 | D5: RDV acceptation A0
A6: 55 | B6: 45199 | C6: 0.2 | D6: PV A0
A7: 56 | B7: 45201 | C7: 0.25 | D7: Appel 1 avec mandant
A8: 54 | B8: 45218 | D8: Préparation RDV A1
A9: 53 | B9: 45219 | C9: 0.25 | D9: RDV acceptation A1
A10: 50 | B10: 26.10.2023 - 01.11.2023 | C10: 2.5 | D10: Gantt : recherches et essais Document de projet : temps des milestones Planification : estimation prix projet
A11: 1 | C11: 0.5 | D11: Couleurs dans les diagrammes, nommage des relations et corrections des 3 diagrammes (classes, MCD, MLD)
A12: 5 | B12: 45231 | C12: 3 | D12: PAQ (en appel équipe)
A13: 56 | B13: 45236 | C13: 0.25 | D13: Appel 2 avec mandant
A14: 2 | B14: 45236 | C14: 0.25 | D14: Questions posées au mandant pendant appel
A15: 6 | B15: 45238 | C15: 4 | D15: Plan de communication (en appel équipe)
A16: 54 | B16: 45239 | C16: 1 | D16: Préparation RDV A2
A17: 53 | B17: 45240 | C17: 0.25 | D17: RDV acceptation A2
A18: 50 | B18: 45241 | C18: 1.5 | D18: Estimer le temps des tâches et mettre en forme
A19: 3 | B19: 45252 | C19: 2 | D19: Conception
A20: 3 | B20: 45256 | C20: 7 | D20: Mettre au propre
A21: 53 | B21: 45258 | C21: 0.25 | D21: RDV PDC1
A22: 3 | B22: 45264 | C22: 3 | D22: Faire les dernières maquettes discutées
A23: N°56 | B23: 45271 | C23: 0.5 | D23: RDV Mandant
A24: 14 | B24: 45298 | C24: 5 | D24: Faire le modèle/exemple d'une page utilisateur (historique)
A25: 38 | B25: 45298 | C25: 0.1 | D25: On tient un truc, on lâche rien
A26: 14 | B26: 45347 | C26: 8 | D26: Formulaire d'inscirption des gymnastes, coach, admin, société

Sheet Faton
A1: Faton Zumeri
A2: Numéro de la tâche | B2: Date | C2: Temps réel | D2: Description
A3: 0 | B3: 27.09.2023 - 18.10.2023 | C3: 20 | D3: Temps estimé des premières semaines (avant planification)
A4: 54 | B4: 45197 | C4: 1 | D4: Préparation RDV A0
A5: 53 | B5: 45198 | C5: 0.25 | D5: RDV acceptation A0
A6: 56 | B6: 45201 | C6: 0.25 | D6: Appel 1 avec mandant
A7: 54 | B7: 45218 | C7: 1 | D7: Préparation RDV A1
A8: 53 | B8: 45219 | C8: 0.25 | D8: RDV acceptation A1
A9: 55 | B9: 45220 | C9: 0.75 | D9: PV A1
A10: 50 | B10: 45225 | C10: 1.5 | D10: Document de projet : fonctionnalités détaillées
A11: 6 | B11: 45234 | C11: 2 | D11: Premier jet du plan de communication
A12: 56 | B12: 45236 | C12: 0.25 | D12: Appel 2 avec mandant
A13: 2 | B13: 45236 | C13: 0.25 | D13: Questions posées au mandant pendant appel
A14: 6 | B14: 45238 | C14: 2 | D14: Plan de communication (en appel équipe)
A15: 54 | B15: 45239 | C15: 1 | D15: Préparation RDV A2
... A18: 53 | B18: 45258 | C18: 0.25 | D18: RDV PDC1
A19: N°56 | B19: 45271 | C19: 0.5 | D19: RDV Mandant
A20: N°57 | B20: 45273 | C20: 0.75 | D20: PV Mandant
A21: 52 | B21: 45297 | C21: 1 | D21: Modification fichier Import_v2
A22: 52 | B22: 45298 | C22: 1 | D22: Modification fichier Export_v2
